<?xml version="1.0" encoding="UTF-8"?>
<project-private xmlns="http://www.netbeans.org/ns/project-private/1">
    <editor-bookmarks xmlns="http://www.netbeans.org/ns/editor-bookmarks/2" lastBookmarkId="0"/>
    <open-files xmlns="http://www.netbeans.org/ns/projectui-open-files/2">
        <group>
            <file>file:/G:/javaCode/Ch9_20190803/src/ch9_20190803/Item.java</file>
            <file>file:/G:/javaCode/Ch9_20190803/src/ch9_20190803/Ch9_3.java</file>
            <file>file:/G:/javaCode/Ch9_20190803/src/ch9_20190803/Ch9_4.java</file>
        </group>
    </open-files>
</project-private>
