<?xml version="1.0" encoding="UTF-8"?>
<project-private xmlns="http://www.netbeans.org/ns/project-private/1">
    <editor-bookmarks xmlns="http://www.netbeans.org/ns/editor-bookmarks/2" lastBookmarkId="0"/>
    <open-files xmlns="http://www.netbeans.org/ns/projectui-open-files/2">
        <group>
            <file>file:/G:/javaCode/ch8_20190727/src/ch8_20190727/Ch8_6.java</file>
            <file>file:/G:/javaCode/ch8_20190727/src/ch8_20190727/Employee.java</file>
            <file>file:/G:/javaCode/ch8_20190727/src/ch8_20190727/Ch8_3.java</file>
            <file>file:/G:/javaCode/ch8_20190727/src/tw/com/pm/Product.java</file>
            <file>file:/G:/javaCode/ch8_20190727/src/ch8_20190727/Ch8_4.java</file>
            <file>file:/G:/javaCode/ch8_20190727/src/ch8_20190727/Ch8_2.java</file>
            <file>file:/G:/javaCode/ch8_20190727/src/ch8_20190727/Ch8_5.java</file>
            <file>file:/G:/javaCode/ch8_20190727/src/ch8_20190727/Ch8_1.java</file>
        </group>
    </open-files>
</project-private>
