<?xml version="1.0" encoding="UTF-8"?>
<project-private xmlns="http://www.netbeans.org/ns/project-private/1">
    <editor-bookmarks xmlns="http://www.netbeans.org/ns/editor-bookmarks/2" lastBookmarkId="0"/>
    <open-files xmlns="http://www.netbeans.org/ns/projectui-open-files/2">
        <group>
            <file>file:/G:/javaCode/ch8_2_20190727_TreeSet/src/ch8_2_20190727_treeset/Ch8_2_2.java</file>
            <file>file:/G:/javaCode/ch8_2_20190727_TreeSet/src/ch8_2_20190727_treeset/Ch8_2_1.java</file>
        </group>
    </open-files>
</project-private>
