<?xml version="1.0" encoding="UTF-8"?>
<project-private xmlns="http://www.netbeans.org/ns/project-private/1">
    <editor-bookmarks xmlns="http://www.netbeans.org/ns/editor-bookmarks/2" lastBookmarkId="0"/>
    <open-files xmlns="http://www.netbeans.org/ns/projectui-open-files/2">
        <group>
            <file>file:/G:/javaCode/Ch11_20190817/src/ch11_20190817/Ch11_6.java</file>
            <file>file:/G:/javaCode/Ch11_20190817/src/ch11_20190817/Ch11_10.java</file>
            <file>file:/G:/javaCode/Ch11_20190817/src/ch11_20190817/Ch11_7.java</file>
            <file>file:/G:/javaCode/Ch11_20190817/src/ch11_20190817/Ch11_8.java</file>
            <file>file:/G:/javaCode/Ch11_20190817/src/ch11_20190817/Ch11_9.java</file>
        </group>
    </open-files>
</project-private>
